geometry,address
POINT EMPTY,
POINT (-122.0036176 39.206202),"Fremont Street, 95932, Colusa, California, United States"
POINT (-121.6968729 39.3646439),"Kentucky Street, 95948, Gridley, California, United States"
POINT (-122.011949 39.741587),"Main Street, 95951, Hamilton City, California, United States"
POINT (-121.5518626 39.0806804),"Olivehurst Avenue, 95961, Olivehurst, California, United States"
POINT EMPTY,
POINT (-122.2021857 39.7420853),"Cortina Drive, 95963, Orland, California, United States"
POINT (-121.558175 39.514143),"Lincoln Street, 95965, Oroville, California, United States"
POINT (-121.6094741 39.1229802),"Samuel Drive, 95991, Yuba City, California, United States"
POINT (-121.6169108 39.1404477),"Yuba City, 95991, California, United States"
POINT (-121.6144555 39.1448172),"Market Street, 95991, Yuba City, California, United States"
POINT (-122.3393239 40.5514302),"Bluffside Court, 96002, Redding, California, United States"
POINT EMPTY,
POINT (-121.6169108 39.1404477),"Yuba City, 95991, California, United States"
POINT (-121.6195979 39.1436439),"Del Norte Avenue, 95991, Yuba City, California, United States"
POINT (-121.5768072 39.1257366),"North Beale Road and Feather River Blvd., N Beale Rd, 95901, N Beale Rd, Marysville, CA, United States"
POINT (-121.5768072 39.1257366),"North Beale Road and Feather River Blvd., N Beale Rd, 95901, N Beale Rd, Marysville, CA, United States"
POINT (-121.5768072 39.1257366),"North Beale Road and Feather River Blvd., N Beale Rd, 95901, N Beale Rd, Marysville, CA, United States"
POINT (-121.65713803387783 40.886471400000005),"Caltrans Burney Maintenance Station, Hwy 299 PM 75.6, 96013, Hwy 299 PM 75.6, Burney, California, United States"
POINT EMPTY,
POINT (-122.40409830612786 40.58865615),"1958, 9th Street, 96001, 9th Street, Redding, CA, United States"
POINT (-122.3491135 40.581186),"1201, Dusty Lane, 96002, Dusty Lane, Redding, CA, United States"
POINT EMPTY,
POINT (-121.6546288 40.8835405),"Toronto Avenue, 96013, Burney, California, United States"
POINT (-121.44117792686552 41.00455615),"Fall River Mills, 96028, California, United States"
POINT (-121.400842 41.046412),"Walnut Street, 96056, California, United States"
POINT (-122.3294505 40.5590402),"KQMS-AM (Redding), Marlene Avenue, 96002, Marlene Avenue, Redding, CA, United States"
POINT (-121.93490348891966 40.8013395),"Round Mountain, 96084, California, United States"
POINT EMPTY,
POINT (-122.3294505 40.5590402),"KQMS-AM (Redding), Marlene Avenue, 96002, Marlene Avenue, Redding, CA, United States"
POINT (-121.904388 40.851621),"State Route 299, 96065, California, United States"
POINT (-121.674052 40.877132),"Tamarack Avenue, 96013, Burney, California, United States"
POINT EMPTY,
POINT EMPTY,
POINT (-121.40558984826492 41.040549850000005),"McArthur, 96056, California, United States"
POINT (-122.6446253 41.7098348),"South Oregon Street, 96097, Yreka, California, United States"
POINT EMPTY,
POINT EMPTY,
POINT (-122.3147716 41.3125103),"Pine Street, 96067, Mount Shasta, California, United States"
POINT (-121.40558984826492 41.040549850000005),"McArthur, 96056, California, United States"
POINT (-121.1296221 41.1312812),"Medical Center Drive, 96009, Bieber, California, United States"
POINT (-121.652557 40.888955),"Commerce Way, 96013, Burney, California, United States"
POINT (-121.653109 40.887926),"Enterprise Drive, 96013, Burney, California, United States"
POINT EMPTY,
POINT (-121.4351691 41.0113022),"Fall River Lodge, Highway 299 East, 96028, Highway 299 East, Fall River Mills, CA, United States"
POINT (-122.296245 41.299896),"Old McCloud Road, 96067, Mount Shasta, California, United States"
POINT (-121.3717981476644 41.8881582),"Caltrans Newell Maintenance Station, Hwy 139 7 Mi S of Tulelake, 96134, Hwy 139 7 Mi S of Tulelake, California, United States"
POINT (-121.3717981476644 41.8881582),"Caltrans Newell Maintenance Station, Hwy 139 7 Mi S of Tulelake, 96134, Hwy 139 7 Mi S of Tulelake, California, United States"
POINT (-122.3848828 41.4267943),"Shasta Regional Medical Group, 50, Alamo Avenue, 96094, Alamo Avenue, Weed, California, United States"
POINT (-120.6280405 40.4382273),"Spring Ridge Drive, 96130, Susanville, California, United States"
POINT (-76.549233 38.47932),"Westwoods Lane, 20676, Maryland, United States"
POINT (-121.6509433 39.2466385),"Live Oak Boulevard, 95953, Live Oak, California, United States"
POINT (-121.6489072 39.1380342),"Lassen Boulevard and Tharp Rd., Lassen Boulevard, 95991, Lassen Boulevard, Yuba City, California, United States"
POINT EMPTY,
POINT (-121.627699 39.1439785),"Ainsley Avenue, 95991, Yuba City, California, United States"
POINT EMPTY,
POINT EMPTY,
POINT EMPTY,
POINT (-121.586303604298 39.1576742),"Marysville High School, East 18th Street, 95901, East 18th Street, Marysville, California, United States"
POINT EMPTY,
POINT (-122.2950444 40.4490269),"East Street, 96007, Anderson, California, United States"
POINT (-122.34034482291668 40.6148735),"10, Ortega Court, 96003, Ortega Court, Redding, CA, United States"
POINT (-122.41347340466716 40.575974200000005),"3100, South Street, 96001, South Street, Redding, CA, United States"
POINT (-122.40142355674891 40.595907100000005),"One SAFE Place – Sierra Center, 2250, Benton Drive, 96003, Benton Drive, Redding, CA, United States"
POINT (-122.38470146761978 40.5839627),"Primary Care Neeuropsychiatry, 980, Placer Street, 96001, Placer Street, Redding, CA, United States"
POINT (-122.38482075884832 40.5801665),"1035, Gold St, 96001, Gold St, Redding, CA, United States"
POINT (-122.38482075884832 40.5801665),"1035, Gold St, 96001, Gold St, Redding, CA, United States"
POINT (-122.38539601560365 40.57972885),"1050, Lincoln Street, 96001, Lincoln Street, Redding, CA, United States"
POINT (-122.38482075884832 40.5801665),"1035, Gold St, 96001, Gold St, Redding, CA, United States"
POINT (-122.39275631709705 40.579684),"Shasta Community Meternity Center, 1900, Railroad Avenue, 96001, Railroad Avenue, Redding, CA, United States"
POINT (-122.4096607088889 40.57699585),"1756, Highland Avenue, 96001, Highland Avenue, Redding, CA, United States"
POINT (-122.37038177317936 40.68128065),"4215, Front Street, 96019, Front Street, Shasta Lake, CA, United States"
POINT (-122.42768176736861 40.5655158),"4121, Villa Drive, 96001, Villa Drive, Redding, CA, United States"
POINT EMPTY,
POINT (-122.8632559 38.6095361),"University Street, 95448, Healdsburg, California, United States"
POINT (-122.7937166752845 38.552991399999996),"9244, Piccadilly Circle, 95492, Piccadilly Circle, Windsor, CA, United States"
POINT (-122.8607147 38.6039398),"Healdsburg Avenue, 95448, Healdsburg, California, United States"
POINT (-122.81427625403163 38.53411295),"8057, Leno Drive, 95492, Leno Drive, Windsor, CA, United States"
POINT (-122.79342962743327 38.5564),"203, Cayetano Drive, 95492, Cayetano Drive, Windsor, CA, United States"
POINT EMPTY,
POINT (-123.01777916925022 38.798070100000004),"6, Tarman Drive, 95425, Tarman Drive, Cloverdale, CA, United States"
POINT (-122.57312663358738 38.089055849999994),"Novato High School, 740 Rowland Blvd, 94947, 740 Rowland Blvd, Novato, CA, United States"
POINT (-123.4920145 39.687871),"Branscomb Road, 95454, Laytonville, California, United States"
POINT (-123.4920145 39.687871),"Branscomb Road, 95454, Laytonville, California, United States"
POINT EMPTY,
POINT EMPTY,
POINT (-61.4916758 -31.2526923),"Rafaela, S2300, Santa Fe, Argentina"
POINT (-122.54266573651316 37.99325835),"1, Knoll Way, 94903, Knoll Way, San Rafael, CA, United States"
POINT EMPTY,
POINT (-122.60638896833531 38.251553400000006),"2009, Caulfield Lane, 94954, Caulfield Lane, Petaluma, CA, United States"
POINT EMPTY,
POINT (-122.5700602 38.1044717),"Utopia Property Management-Novato-Woodside, 7250 Redwood Blvd, Ste 300, 94945, 7250 Redwood Blvd, Ste 300, Novato, CA, United States"
POINT (-122.5700602 38.1044717),"Utopia Property Management-Novato-Woodside, 7250 Redwood Blvd, Ste 300, 94945, 7250 Redwood Blvd, Ste 300, Novato, CA, United States"
POINT EMPTY,
POINT (-123.7886428 39.4405758),"Dana Street, 95437, Fort Bragg, California, United States"
POINT (-123.80269920574287 39.444734499999996),"Fort Bragg, 95437, California, United States"
POINT (-123.802164 39.43048),"Sequoia Circle, 95437, Fort Bragg, California, United States"
POINT (-123.805294 39.445723),"Fort Bragg, 95437, California, United States"
POINT (-123.805294 39.445723),"Fort Bragg, 95437, California, United States"
POINT (-123.8036483 39.4326591),"Cypress Street, 95437, Fort Bragg, California, United States"
POINT (-123.7955452 39.4371924),"South Lincoln Street, 95437, Fort Bragg, California, United States"
POINT (-123.2293186 39.1603603),"15, Lost Treasure Road, 95482, Lost Treasure Road, Ukiah, California, United States"
POINT (-123.2293186 39.1603603),"15, Lost Treasure Road, 95482, Lost Treasure Road, Ukiah, California, United States"
POINT (-123.21173096225976 39.12774195),"Hillside Health Center, 333, Laws Avenue, 95482, Laws Avenue, Ukiah, CA, United States"
POINT (-123.352114 39.399793),"Hazel Street, 95490, Willits, California, United States"
POINT (-124.1577276 40.8023403),"1219, 6th Street, 95501, 6th Street, Eureka, California, United States"
POINT (-124.1577276 40.8023403),"1219, 6th Street, 95501, 6th Street, Eureka, California, United States"
POINT (-124.19874743751282 41.7617068),"Crescent City Fire and Rescue Cooper Station, 550, East Cooper Avenue, 95531, East Cooper Avenue, Crescent City, CA, United States"
POINT (-124.19874743751282 41.7617068),"Crescent City Fire and Rescue Cooper Station, 550, East Cooper Avenue, 95531, East Cooper Avenue, Crescent City, CA, United States"
POINT (-124.1452944 40.8023181),"Tydd Street, 95501, Eureka, California, United States"
POINT (-124.170905 41.779527),"Ferndale Lane, 95531, California, United States"
POINT (-124.13229612201512 40.58160675),"Open Door Community Health Center, 3750, Rohnerville Road, 95540, Rohnerville Road, Fortuna, CA, United States"
POINT (-82.93732479811425 42.33202554090543),"8360, Kingston Crescent, N8S 1W8, Kingston Crescent, Windsor, Ontario, Canada"
POINT (-124.1106065 40.9370956),"McKinleyville Avenue, 95519, McKinleyville, California, United States"
POINT (-124.14081012491803 40.780752793770496),"2412, Dolbeer Street, 95503, Dolbeer Street, Eureka, California, United States"
POINT (-124.1773367 40.7806068),"Eureka Mall Region, 95502, Eureka, California, United States"
POINT EMPTY,
POINT (-124.1396906 40.7777522),"Harrison Avenue, 95503, Eureka, California, United States"
POINT (-124.09127125057753 40.8963453),"Mad River Community Hospital, 3800, Janes Road, 95521, Janes Road, Arcata, CA, United States"
POINT (-124.14166403770493 40.780723765573775),"2350, Dolbeer Street, 95503, Dolbeer Street, Eureka, California, United States"
POINT EMPTY,
POINT (-124.14061730590164 40.78075934852459),"2426, Dolbeer Street, 95503, Dolbeer Street, Eureka, California, United States"
POINT (-124.14081012491803 40.780752793770496),"2412, Dolbeer Street, 95503, Dolbeer Street, Eureka, California, United States"
POINT (-123.63766925852994 40.9471835),"Caltrans Willow Creek Maintenance Station, Hwy 96 PM 0.6, 95573, Hwy 96 PM 0.6, Willow Creek, California, United States"
POINT EMPTY,
POINT (-122.600225668806 38.242863150000005),"Casa Grande High School, Casa Grande Road, 94954, Casa Grande Road, Petaluma, CA, United States"
POINT (-122.81438071794099 38.087933),"Point Reyes Station, 94956, California, United States"
POINT (-122.64439694842542 38.24534495),"900, Petaluma Boulevard North, 94952, Petaluma Boulevard North, Petaluma, CA, United States"
POINT (-122.59319643496949 38.22852465),"Falck Northern California, S McDowell Blvd Ext, 94954, S McDowell Blvd Ext, Petaluma, CA, United States"
POINT (-122.59319643496949 38.22852465),"Falck Northern California, S McDowell Blvd Ext, 94954, S McDowell Blvd Ext, Petaluma, CA, United States"
POINT (-122.81438071794099 38.087933),"Point Reyes Station, 94956, California, United States"
POINT (-122.63450745 38.22828355),"500, 6th Street, 94952, 6th Street, Petaluma, CA, United States"
POINT (-122.63486550344254 38.268290699999994),"Santa Rosa Junior College, 680, Sonoma Mountain Parkway, 94954, Sonoma Mountain Parkway, Petaluma, CA, United States"
POINT (-123.541736 38.777376),"Old Hwy1, 95445, Gualala, California, United States"
POINT (-123.6940540038348 38.911018),"Point Arena, 95468, California, United States"
POINT (-123.6940540038348 38.911018),"Point Arena, 95468, California, United States"
POINT (-123.8233635 40.1201443),"Redway, 95560, California, United States"
POINT (-124.3958847 49.7705241),"Hwy 101 at Black Point Rd (WB), Sunshine Coast Highway, Sunshine Coast Highway, Area C (Lois Lake/Saltery Bay), British Columbia, Canada"
POINT (-124.15714942191781 40.597903351712326),"930, 10th Street, 95540, 10th Street, Fortuna, California, United States"
POINT (-124.106437 40.499301),"Rio Dell, 95562, California, United States"
POINT (-124.3958847 49.7705241),"Hwy 101 at Black Point Rd (WB), Sunshine Coast Highway, Sunshine Coast Highway, Area C (Lois Lake/Saltery Bay), British Columbia, Canada"
POINT (-124.3958847 49.7705241),"Hwy 101 at Black Point Rd (WB), Sunshine Coast Highway, Sunshine Coast Highway, Area C (Lois Lake/Saltery Bay), British Columbia, Canada"
POINT EMPTY,
POINT (-123.823003 40.248395),"Avenue of the Giants, 95553, Miranda, California, United States"
POINT (-122.50272060659746 37.965492350000005),"16, Elaine Way, 94901, Elaine Way, San Rafael, CA, United States"
POINT (-122.50272060659746 37.965492350000005),"16, Elaine Way, 94901, Elaine Way, San Rafael, CA, United States"
POINT EMPTY,
POINT (-122.89134756258392 38.47346165),"6550, Front Street, 95436, Front Street, Forestville, CA, United States"
POINT (-122.8229164 38.4022575),"Petaluma Avenue, 95472, Sebastopol, California, United States"
POINT (-122.8229164 38.4022575),"Petaluma Avenue, 95472, Sebastopol, California, United States"
POINT EMPTY,
POINT (-122.9483307 38.4074146),"Occidental, 95465, California, United States"
POINT (-122.9959133 38.5017085),"Guerneville, 95446, California, United States"
POINT EMPTY,
POINT EMPTY,
POINT (-122.82525248111219 38.39785205),"445, Parquet Street, 95472, Parquet Street, Sebastopol, CA, United States"
POINT (-122.80993168905694 38.37229025),"6800, Baker Lane, 95472, Baker Lane, Sebastopol, CA, United States"
POINT (-121.0160594 39.2615606),"Nevada City, 95959, California, United States"
POINT (-121.0231559 39.2556569),"Searls Avenue, 95959, Nevada City, California, United States"
POINT EMPTY,
POINT EMPTY,
POINT (-82.3078311 34.9559712),"Bishop Lake Way, 29687, South Carolina, United States"
POINT (-84.40276964908257 46.53884245504587),"459, Second Line West, P6C 5P2, Second Line West, Sault Ste. Marie, Ontario, Canada"
POINT EMPTY,
POINT (-121.13374028427859 38.6807339),"125, Pepito Way, 95630, Pepito Way, Folsom, CA, United States"
POINT (-121.2733495 38.7299374),"170, Cirby Way, 95661, Cirby Way, Roseville, California, United States"
POINT EMPTY,
POINT (-121.0339775 39.2381426),"Sutton Way, 95945, Grass Valley, California, United States"
POINT (-121.0466801 39.22716),"Glasson Way, 95945, Grass Valley, California, United States"
POINT EMPTY,
POINT (-121.031753 39.238154),"Old Tunnel Road, 95959, Grass Valley, California, United States"
POINT EMPTY,
POINT (-121.10142345 38.940323449999994),"Western Sierra Medical Clinic, 3111, Professional Drive, 95603, Professional Drive, Auburn, CA, United States"
POINT (-121.28344440534079 38.7419717),"Saugstad Park, 100, Buljan Drive, 95678, Buljan Drive, Roseville, CA, United States"
POINT (-120.0192288 39.2361238),"Salmon Avenue, 96143, Kings Beach, California, United States"
POINT (-121.062896 39.2178619),"143 1/2, Mill Street, 95945, Mill Street, Grass Valley, CA, United States"
POINT EMPTY,
POINT (-121.74728251632291 38.5479308),"County of Yolo Davis Office Building, 600, A Street, 95616, A Street, Davis, California, United States"
POINT (-122.0220721 38.6985334),"Omega Street, 95627, Esparto, California, United States"
POINT (-121.787924 38.680872),"Walmart Neighborhood Market, 215, California Street, 95695, California Street, Woodland, CA, United States"
POINT (-121.74630535385174 38.5488765),"M. L. King High School, 635, B Street, 95616, B Street, Davis, CA, United States"
POINT (-121.9695446 38.5216156),"Main Street, 95694, Winters, California, United States"
POINT (-121.8363823 38.4496836),"North Lincoln Street, 95620, Dixon, California, United States"
POINT EMPTY,
POINT (-121.8594017 38.4458829),"Dixon Avenue West, 95620, Dixon, California, United States"
POINT (-122.02136811201629 38.694590500000004),"Esparto, 95627, California, United States"
POINT (-121.98949396256069 38.35863155),"Dungarvin California Inc, 310, East Monte Vista Avenue, 95688, East Monte Vista Avenue, Vacaville, CA, United States"
POINT EMPTY,
POINT (-122.59960978157649 38.599574849999996),"Caltrans Calistoga Maintenance Station, 1413 Tubbs Lane, 94515, 1413 Tubbs Lane, California, United States"
POINT (-122.27955018405059 38.2835307),"South Napa Shelter, 100, Hartle Court, 94558, Hartle Court, Napa, CA, United States"
POINT EMPTY,
POINT (-122.4694244 38.5032421),"Saint Helena Catholic Church, Oak Avenue, 94574, Oak Avenue, St. Helena, CA, United States"
POINT (-122.27637004513177 38.2740159),"Napa Valley College, Streblow Drive, 94559, Streblow Drive, Napa, California, United States"
POINT (-122.27955018405059 38.2835307),"South Napa Shelter, 100, Hartle Court, 94558, Hartle Court, Napa, CA, United States"
POINT (-122.70656830027599 38.3538888),"5900, State Farm Drive, 94926, State Farm Drive, Rohnert Park, CA, United States"
POINT (-122.7010703 38.3471592),"Rohnert Park, Toyon Court, 94926, Toyon Court, Rohnert Park, California, United States"
POINT (-122.7010703 38.3471592),"Rohnert Park, Toyon Court, 94926, Toyon Court, Rohnert Park, California, United States"
POINT (-122.71661553509135 38.39461955),"109, West Robles Avenue, 95407, West Robles Avenue, Santa Rosa, CA, United States"
POINT (-122.7024718 38.4406792),"983, Sonoma Avenue, 95404, Sonoma Avenue, Santa Rosa, California, United States"
POINT (-122.7237101 38.4490233),"214, Ridgway Avenue, 95401, Ridgway Avenue, Santa Rosa, California, United States"
POINT (-122.7298464 38.4467271),"1110, North Dutton Avenue, 95401, North Dutton Avenue, Santa Rosa, California, United States"
POINT (-122.7330151 38.4497849),"1300, N. Dutton Ave, 95401, N. Dutton Ave, Santa Rosa, California, United States"
POINT (-122.7342393 38.405),"599, Bellevue Avenue, 95407, Bellevue Avenue, Santa Rosa, California, United States"
POINT (-122.7490725 38.4278419),"751, Lombardi Court, 95407, Lombardi Court, Santa Rosa, California, United States"
POINT (12.494188974383803 41.90471865),"Santa Maria della Vittoria, 17, Via Venti Settembre, 00187, Via Venti Settembre, Roma, Lazio, Italia"
POINT (-122.7490725 38.4278419),"751, Lombardi Court, 95407, Lombardi Court, Santa Rosa, California, United States"
POINT (-122.7330151 38.4497849),"1300, N. Dutton Ave, 95401, N. Dutton Ave, Santa Rosa, California, United States"
POINT (-122.7296137 38.4797372),"3569, Round Barn Circle, 95403, Round Barn Circle, Santa Rosa, California, United States"
POINT (-121.97670764718225 38.36079005),"Solano County Health & Social Services Department, 1119, East Monte Vista Avenue, 95688, East Monte Vista Avenue, Vacaville, CA, United States"
POINT (-122.47273749800965 38.297231100000005),"19270, Robinson Road, 95476, Robinson Road, Sonoma, CA, United States"
POINT (-122.4692138 38.2456755),"Arnold Drive, 95476, California, United States"
POINT (-122.43867979204718 38.293165099999996),"19312, 7th Street East, 95476, 7th Street East, Sonoma, CA, United States"
POINT (-121.9536903 38.531151),"East Grant Avenue, 95694, Winters, California, United States"
POINT (-119.6382386 37.3297657),"Road 427, 93644, Oakhurst, California, United States"
POINT (-119.6897155056202 37.26447685),"Caltrans Coarsegold Maintenance Station, 35500 Hwy 41, 93614, 35500 Hwy 41, California, United States"
POINT EMPTY,
POINT EMPTY,
POINT (-119.6382386 37.3297657),"Road 427, 93644, Oakhurst, California, United States"
POINT (-119.6382386 37.3297657),"Road 427, 93644, Oakhurst, California, United States"
POINT EMPTY,
POINT (-120.99426 38.6781746),"Cameron Park, 95672, California, United States"
POINT (-120.99426 38.6781746),"Cameron Park, 95672, California, United States"
POINT EMPTY,
POINT EMPTY,
POINT (-119.84170200039165 36.80692085),"2676 #101, West Fairmont Avenue, 93705, West Fairmont Avenue, Fresno, California, United States"
POINT (13.0294766 45.8210611),"Canale Modeano, 33061, Italia"
POINT (-120.9962307 37.6655286),"Florida Avenue, 95350, Modesto, California, United States"
POINT (-120.9962307 37.6655286),"Florida Avenue, 95350, Modesto, California, United States"
POINT EMPTY,
POINT EMPTY,
POINT EMPTY,
POINT EMPTY,
POINT EMPTY,
POINT (-120.9951561 37.6654969),"West Coolidge Avenue, 95350, Modesto, California, United States"
POINT (-121.0243701640178 37.6790654),"1801, Silvaire Drive, 95350, Silvaire Drive, Modesto, CA, United States"
POINT (-120.9962307 37.6655286),"Florida Avenue, 95350, Modesto, California, United States"
POINT EMPTY,
POINT (-120.8489769 37.522019),"West Monte Vista Avenue, 95382, Turlock, California, United States"
POINT (-120.837484 37.510474),"Delbon Avenue, 95381, Turlock, California, United States"
POINT (-120.837484 37.510474),"Delbon Avenue, 95381, Turlock, California, United States"
POINT (-120.853634 37.505991),"20th Century Boulevard, 95381, Turlock, California, United States"
POINT (-120.846335 37.490449),"3rd Street, 95381, Turlock, California, United States"
POINT (-120.8471252 37.4881749),"5th Street, 95381, Turlock, California, United States"
POINT (-120.7557462 37.643973),"Bentley Street, 95386, Waterford, California, United States"
POINT (-120.7557462 37.643973),"Bentley Street, 95386, Waterford, California, United States"
POINT (-120.929756 37.663584),"East Orangeburg Avenue, 95355, Modesto, California, United States"
POINT (-120.837484 37.510474),"Delbon Avenue, 95381, Turlock, California, United States"
POINT (-120.8011172360508 38.371806899999996),"WellSpace Health, 11333, Prospect Drive, 95642, Prospect Drive, Jackson, CA, United States"
POINT (-120.85577634163963 37.5255729),"California State University, Stanislaus, 1, University Circle, 95382, University Circle, Turlock, CA, United States"
POINT (-120.975702 37.6490106),"Scenic Drive, 95354, Modesto, California, United States"
POINT (-120.995705 37.636646),"10th Street, 95354, Modesto, California, United States"
POINT (-121.54078293613745 38.661324449999995),"100, Anjou Circle, 95835, Anjou Circle, Sacramento, CA, United States"
POINT (-121.5156646 38.5213316),"1, Lundy Court, 95822, Lundy Court, Sacramento, CA, United States"
POINT (-121.4339702 38.621593),"Marysville Blvd del Paso Boulevard Alley, 95815, Sacramento, California, United States"
POINT EMPTY,
POINT (-121.54871537927781 38.6478992),"100, Lentint Way, 95834, Lentint Way, Sacramento, CA, United States"
POINT EMPTY,
POINT EMPTY,
POINT (-121.4153047 38.6245131),"Howe Avenue, 95821, Sacramento, California, United States"
POINT (-121.5151177 38.6601141),"New Market Drive, 95835, Sacramento, California, United States"
POINT (-121.4148588 38.5904047),"Red Lobster, 1400, Howe Avenue, 95825, Howe Avenue, Sacramento, California, United States"
POINT (-121.4437837 38.6183751),"Las Palmas Avenue, 95815, Sacramento, California, United States"
POINT EMPTY,
POINT EMPTY,
POINT (-121.452273 38.654861),"Taylor Street, 95838, Sacramento, California, United States"
POINT (-121.4811592 38.5229352),"Brentley Drive, 95822, Sacramento, California, United States"
POINT EMPTY,
POINT (-121.3847435 38.6176864),"Marconi Avenue, 95821, California, United States"
POINT (-121.430741 38.629942),"Marysville Blvd Barcon Way Alley, 95838, Sacramento, California, United States"
POINT (-121.4569203 38.6411188),"Norwood Avenue, 95838, Sacramento, California, United States"
POINT (-121.54662189878053 38.6443169),"3761, Po River Way, 95834, Po River Way, Sacramento, CA, United States"
POINT EMPTY,
POINT (-121.2488244 38.7106043),"Citrus Wood Lane, 95661, Citrus Heights, California, United States"
POINT (-121.2783515 38.670093),"Cal Court, 95610, Citrus Heights, California, United States"
POINT (-121.3360961 38.6172105),"Marconi Avenue, 95608, California, United States"
POINT (-121.4488342 38.6111327),"El Camino Avenue, 95815, Sacramento, California, United States"
POINT (-121.454921 38.6079672),"Del Paso Blvd Calvados Avenue Alley, 95815, Sacramento, California, United States"
POINT (-121.454921 38.6079672),"Del Paso Blvd Calvados Avenue Alley, 95815, Sacramento, California, United States"
POINT (-121.329695 38.567312),"Explorer Drive, 95827, Rancho Cordova, California, United States"
POINT (-121.54067400867015 38.50880095),"Westlake Apartments, 1, Shoal Court, 95831, Shoal Court, Sacramento, CA, United States"
POINT (-121.5165091 38.5854667),"180, 7th Street, 95605, 7th Street, West Sacramento, CA, United States"
POINT (-121.5249506 38.5897112),"954, Sacramento Avenue, 95605, Sacramento Avenue, West Sacramento, CA, United States"
POINT EMPTY,
POINT EMPTY,
POINT (-121.5505534475414 38.57308985),"1276, Halyard Drive, 95691, Halyard Drive, West Sacramento, CA, United States"
POINT EMPTY,
POINT EMPTY,
POINT (-121.50686259048322 38.57956525),"Embassy Suites by Hilton Sacramento - Riverfront Promenade, 100, Capitol Mall, 95814, Capitol Mall, Sacramento, California, United States"
POINT EMPTY,
POINT EMPTY,
POINT (-121.498502 38.5695611),"923, T Street, 95811, T Street, Sacramento, CA, United States"
POINT (-121.5505534475414 38.57308985),"1276, Halyard Drive, 95691, Halyard Drive, West Sacramento, CA, United States"
POINT (-121.49539625747589 38.5778422),"Jesse M. Unruh State Office Building, L Street, 95816, L Street, Sacramento, California, United States"
POINT (-121.5505534475414 38.57308985),"1276, Halyard Drive, 95691, Halyard Drive, West Sacramento, CA, United States"
POINT (-121.5505534475414 38.57308985),"1276, Halyard Drive, 95691, Halyard Drive, West Sacramento, CA, United States"
POINT EMPTY,
POINT (-121.5189576 38.5231368),"5717, Rosedale Way, 95822, Rosedale Way, Sacramento, CA, United States"
POINT (-121.411788 38.523037),"33rd Avenue, 95828, Sacramento, California, United States"
POINT (-121.61162 38.1618614),"Isleton, 95641, California, United States"
POINT (-121.409742 38.497601),"Power Inn Rd Betty Lou Drive Alley, 95828, Elk Grove, California, United States"
POINT (-121.4488794 38.5693745),"East Sacramento, 95819, Sacramento, California, United States"
POINT (-121.25130217884319 37.97703985),"1527, Broadway Avenue, 95205, Broadway Avenue, Stockton, CA, United States"
POINT (-121.3226783127563 37.89777024999999),"2449, Galley Way, 95231, Galley Way, Stockton, CA, United States"
POINT EMPTY,
POINT (-121.50831758318435 38.6108609),"Capitol Oaks Office Building, 2535, Capitol Oaks Drive, 95833, Capitol Oaks Drive, Sacramento, CA, United States"
POINT (14.9461028 37.5701079),"La Gallina Bianca, 10, Via Santa Rosa, 95032, Via Santa Rosa, Belpasso, Sicilia, Italia"
POINT (-121.4369473 38.5137738),"Stockton Blvd Self Storage, Stockton Boulevard, 95824, Stockton Boulevard, Sacramento, California, United States"
POINT (-121.46047321291898 38.51104215),"Parkway-South Sacramento, 95820, California, United States"
POINT (-121.48182796414227 38.5769049),"J Street Community Health Center, 1820, J Street, 95816, J Street, Sacramento, CA, United States"
POINT EMPTY,
POINT (-121.4163173 38.4642376),"Hospital Drive, 95823, Sacramento, California, United States"
POINT (-121.410297 38.4596105),"DaVita Dialysis, 8231, East Stockton Boulevard, 95828, East Stockton Boulevard, Sacramento, CA, United States"
POINT (-121.4315128 38.4998073),"Dollar Tree, Stockton Boulevard, 95824, Stockton Boulevard, Elk Grove, California, United States"
POINT (-121.4369473 38.5137738),"Stockton Blvd Self Storage, Stockton Boulevard, 95824, Stockton Boulevard, Sacramento, California, United States"
POINT (-121.49429040738477 38.57034335),"1200, R Street, 95811, R Street, Sacramento, CA, United States"
POINT (-121.42295355 38.55566975),"Hornet Stadium, College Town Drive, 95819, College Town Drive, Sacramento, California, United States"
POINT EMPTY,
POINT (-121.5074879 38.6131518),"Capitol Oaks Drive, 95833, Sacramento, California, United States"
POINT EMPTY,
POINT (-121.813598 38.0111949),"West 10th Street, 94509, Antioch, California, United States"
POINT (-122.3455263 37.9621457),"San Pablo, 94806, California, United States"
POINT (-122.2939247613325 37.906898999999996),"El Cerrito High School, 540, Ashbury Avenue, 94530, Ashbury Avenue, El Cerrito, CA, United States"
POINT (-122.1338674 38.0138934),"Martinez, 94553, California, United States"
POINT EMPTY,
POINT (-122.1327796 38.0063406),"East Building, 2500, Alhambra Avenue, 94553, Alhambra Avenue, Martinez, CA, United States"
POINT (-122.1327796 38.0063406),"East Building, 2500, Alhambra Avenue, 94553, Alhambra Avenue, Martinez, CA, United States"
POINT (-122.1327796 38.0063406),"East Building, 2500, Alhambra Avenue, 94553, Alhambra Avenue, Martinez, CA, United States"
POINT (-122.1327796 38.0063406),"East Building, 2500, Alhambra Avenue, 94553, Alhambra Avenue, Martinez, CA, United States"
POINT (-122.1327796 38.0063406),"East Building, 2500, Alhambra Avenue, 94553, Alhambra Avenue, Martinez, CA, United States"
POINT (-122.1327796 38.0063406),"East Building, 2500, Alhambra Avenue, 94553, Alhambra Avenue, Martinez, CA, United States"
POINT (-122.1327796 38.0063406),"East Building, 2500, Alhambra Avenue, 94553, Alhambra Avenue, Martinez, CA, United States"
POINT (-122.1327796 38.0063406),"East Building, 2500, Alhambra Avenue, 94553, Alhambra Avenue, Martinez, CA, United States"
POINT (-122.1327796 38.0063406),"East Building, 2500, Alhambra Avenue, 94553, Alhambra Avenue, Martinez, CA, United States"
POINT (-122.1327796 38.0063406),"East Building, 2500, Alhambra Avenue, 94553, Alhambra Avenue, Martinez, CA, United States"
POINT (-122.1327796 38.0063406),"East Building, 2500, Alhambra Avenue, 94553, Alhambra Avenue, Martinez, CA, United States"
POINT (-122.1327796 38.0063406),"East Building, 2500, Alhambra Avenue, 94553, Alhambra Avenue, Martinez, CA, United States"
POINT EMPTY,
POINT (-122.1338674 38.0138934),"Martinez, 94553, California, United States"
POINT (-122.3667626 37.9631138),"Fred Jackson Way, 94801, North Richmond, California, United States"
POINT (-121.86961759945193 38.0064468),"Pittsburg Health Center, 2311, Loveridge Road, 94565, Loveridge Road, Pittsburg, California, United States"
POINT (-122.3455263 37.9621457),"San Pablo, 94806, California, United States"
POINT EMPTY,
POINT (-122.24421228599925 38.1478123),"ELITE Public Schools, 100, Whitney Avenue, 94589, Whitney Avenue, Vallejo, CA, United States"
POINT (-122.2394599 38.1310715),"Hospital Drive, 94589, Vallejo, California, United States"
POINT (-122.20669763060229 38.091088049999996),"Skyview Memorial Lawn, 200, Rollingwood Drive, 94591, Rollingwood Drive, Vallejo, CA, United States"
POINT (-121.8836208 38.0326291),"East 4th Street, 94565, Pittsburg, California, United States"
POINT EMPTY,
POINT (-122.2449116 38.1009143),"Georgia Street, 94590, Vallejo, California, United States"
POINT (-122.2394599 38.1310715),"Hospital Drive, 94589, Vallejo, California, United States"
POINT (-122.2394599 38.1310715),"Hospital Drive, 94589, Vallejo, California, United States"
POINT (-122.2394599 38.1310715),"Hospital Drive, 94589, Vallejo, California, United States"
POINT (-122.2449116 38.1009143),"Georgia Street, 94590, Vallejo, California, United States"
POINT (-122.33828342920947 37.954005550000005),"2023, Vale Road, 94806, Vale Road, San Pablo, CA, United States"
POINT (-122.3455263 37.9621457),"San Pablo, 94806, California, United States"
POINT (-122.30476247269686 37.90411605),"Idaho Apartments, 10203, San Pablo Avenue, 94530, San Pablo Avenue, Richmond, CA, United States"
POINT (-122.34458449064587 37.9316438),"2600, Chanslor Avenue, 94804, Chanslor Avenue, Richmond, CA, United States"
POINT (-122.23731182159091 38.028274350000004),"Rodeo, 94572, California, United States"
POINT (-122.2283794 37.9799491),"Pinole Valley Multi-Use Trail, 94564, California, United States"
POINT (-122.38574025 37.9266166),"150, Washington Avenue, 94801, Washington Avenue, Point Richmond, CA, United States"
POINT (-121.9307173 38.2699081),"A-2694535, 3rd Street, 94535, 3rd Street, Fairfield, California, United States"
POINT (-122.0682395 38.2375446),"Courage Drive, 94533, Fairfield, California, United States"
POINT (-122.0682395 38.2375446),"Courage Drive, 94533, Fairfield, California, United States"
POINT (-122.0682395 38.2375446),"Courage Drive, 94533, Fairfield, California, United States"
POINT (-122.238064 38.101294),"Tuolumne Street, 94590, Vallejo, California, United States"
POINT (-122.238064 38.101294),"Tuolumne Street, 94590, Vallejo, California, United States"
POINT (-122.2605396 38.0862659),"Azuar Avenue, 94592, Vallejo, California, United States"
POINT (-122.0341752 38.2506763),"North Texas Street, 94533, Fairfield, California, United States"
POINT (-122.0341752 38.2506763),"North Texas Street, 94533, Fairfield, California, United States"
POINT (-121.8162185 38.0177934),"Antioch-Pittsburg, West 1st Street, 94509, West 1st Street, Antioch, CA, United States"
POINT (-122.34226256031391 37.935219399999994),"2727, Macdonald Avenue, 94804, Macdonald Avenue, Richmond, CA, United States"
POINT (-121.25677409704798 37.98691795),"2650, Wigwam Drive, 95205, Wigwam Drive, Stockton, CA, United States"
POINT (-121.34888845260988 38.0408298),"2628, Estate Drive, 95209, Estate Drive, Stockton, CA, United States"
POINT (-121.3055002 37.9603944),"North Stockton Street, 95204, Stockton, California, United States"
POINT (-121.28236824375962 37.956287200000006),"701, Channel Street, 95202, Channel Street, Stockton, CA, United States"
POINT (-121.31930966349557 37.995255650000004),"San Joaquin Delta College, 5151, Pacific Avenue, 95207, Pacific Avenue, Stockton, CA, United States"
POINT (-121.25237515191728 37.93739445),"2044, Eleventh Street, 95206, Eleventh Street, Stockton, CA, United States"
POINT (-121.2869091 38.0154886),"6677, El Capitan Circle, 95210, El Capitan Circle, Stockton, CA, United States"
POINT (-121.25139917558475 37.95446595),"2524, East Main Street, 95215, East Main Street, Stockton, CA, United States"
POINT (-121.2907796 37.9577016),"Stockton, California, United States"
POINT (-121.268153 37.953302),"East Lafayette Street, 95202, Stockton, California, United States"
POINT EMPTY,
POINT EMPTY,
POINT EMPTY,
POINT EMPTY,
POINT (-121.199073 37.819227),"Cottage Avenue, 95336, Manteca, California, United States"
POINT EMPTY,
POINT (-121.25677409704798 37.98691795),"2650, Wigwam Drive, 95205, Wigwam Drive, Stockton, CA, United States"
POINT (-121.3123914 38.0226874),"221, Strathaven Way, 95210, Strathaven Way, Stockton, CA, United States"
POINT (-121.25677409704798 37.98691795),"2650, Wigwam Drive, 95205, Wigwam Drive, Stockton, CA, United States"
POINT (-121.25677409704798 37.98691795),"2650, Wigwam Drive, 95205, Wigwam Drive, Stockton, CA, United States"
POINT (-121.27217963251587 37.957059),"101, North Wilson Way, 95202, North Wilson Way, Stockton, CA, United States"
POINT (-121.34956894778823 37.9691429),"3329, West Euclid Avenue, 95203, West Euclid Avenue, Stockton, CA, United States"
POINT (-121.4371205 37.7146268),"West Central Avenue, 95376, Tracy, California, United States"
POINT EMPTY,
POINT (-121.47334 37.754081),"West Grant Line Road, 95377, Tracy, California, United States"
POINT EMPTY,
POINT EMPTY,
POINT (-121.3123914 38.0226874),"221, Strathaven Way, 95210, Strathaven Way, Stockton, CA, United States"
POINT (-121.32621135904046 38.048205949999996),"1122, Cypress Run Drive, 95209, Cypress Run Drive, Stockton, CA, United States"
POINT (-121.2354891 37.8198713),"Northgate Drive, 95336, Manteca, California, United States"
POINT (-121.2354891 37.8198713),"Northgate Drive, 95336, Manteca, California, United States"
POINT (-121.28830188285772 37.99870555),"Charleston Place Apartments, 1515, East Bianchi Road, East Bianchi Road, Stockton, California, United States"
POINT (-121.28297548125127 37.886327),"San Joaquin General Hospital, 500, West Hospital Road, 95231, West Hospital Road, French Camp, CA, United States"
POINT (-121.28830188285772 37.99870555),"Charleston Place Apartments, 1515, East Bianchi Road, East Bianchi Road, Stockton, California, United States"
POINT (-121.28830188285772 37.99870555),"Charleston Place Apartments, 1515, East Bianchi Road, East Bianchi Road, Stockton, California, United States"
POINT (-121.28297548125127 37.886327),"San Joaquin General Hospital, 500, West Hospital Road, 95231, West Hospital Road, French Camp, CA, United States"
POINT (-121.28297548125127 37.886327),"San Joaquin General Hospital, 500, West Hospital Road, 95231, West Hospital Road, French Camp, CA, United States"
POINT (-121.28297548125127 37.886327),"San Joaquin General Hospital, 500, West Hospital Road, 95231, West Hospital Road, French Camp, CA, United States"
POINT EMPTY,
POINT (-121.74082926375215 37.945807450000004),"AMC Brentwood 14, Old Sand Creek Road, 94513, Old Sand Creek Road, Brentwood, California, United States"
POINT (-122.03474821971555 37.9790564),"Planned Parenthood, 2185, Pacheco Street, 94520, Pacheco Street, Concord, CA, United States"
POINT EMPTY,
POINT EMPTY,
POINT (-122.027621 38.0100339),"Arnold Industrial Way, 94520, Concord, California, United States"
POINT (-122.04726796523155 37.97020235),"Willow Pass Park And Ride, E Of Sr 242/ S Of Willow Pass Rd/ W Of Market St, 94520, E Of Sr 242/ S Of Willow Pass Rd/ W Of Market St, Concord, California, United States"
POINT EMPTY,
POINT (-121.6970138 37.9900845),"Main Street, 94561, Oakley, California, United States"
POINT (-121.7124536 37.9974219),"Oakley, 94561, California, United States"
POINT (-122.42103353311943 37.77953465),"War Memorial Veterans Building Herbst Theatre, 401, Van Ness Avenue, 94102, Van Ness Avenue, San Francisco, California, United States"
POINT (-122.37863257475165 37.79746005),"San Francisco–Oakland Bay Bridge West Span, The Embarcadero, 94105, The Embarcadero, San Francisco, CA, United States"
POINT (-122.3558473 37.7884969),"San Francisco Bay Area, 94110, California, United States"
POINT (-122.3558473 37.7884969),"San Francisco Bay Area, 94110, California, United States"
POINT (-122.3558473 37.7884969),"San Francisco Bay Area, 94110, California, United States"
POINT (-122.4165538523796 37.76459825),"Mission Neighborhood Health Center, 240, Shotwell Street, 94110, Shotwell Street, San Francisco, CA, United States"
POINT (-122.4183276 37.764068699999996),"165, Capp Street, 90103, Capp Street, San Francisco, CA, United States"
POINT (-122.47916169341764 37.75434055),"1422, Noriega Street, 94122, Noriega Street, San Francisco, CA, United States"
POINT (-122.415715 37.808332),"Fisherman's Wharf of San Francisco, Taylor Street, 94133, Taylor Street, San Francisco, CA, United States"
POINT (-122.415715 37.808332),"Fisherman's Wharf of San Francisco, Taylor Street, 94133, Taylor Street, San Francisco, CA, United States"
POINT (-122.4105414 37.8070706),"Stockton Street, 94133, San Francisco, California, United States"
POINT (-122.4788500197975 37.75436365),"North East Medical Services, 1400, Noriega Street, 94122, Noriega Street, San Francisco, CA, United States"
POINT (-122.4343205 37.7946078),"Stuart Hall for Boys, 2252, Broadway, 94115, Broadway, San Francisco, CA, United States"
POINT (-122.47029522432821 37.78245775),"1019, Clement Street, 94118, Clement Street, San Francisco, CA, United States"
POINT (-122.47946641000848 37.75430195),"North East Medical Services, 1450, Noriega Street, 94122, Noriega Street, San Francisco, CA, United States"
POINT (-122.45795070242438 37.7240373),"1443, Ocean Avenue, 94112, Ocean Avenue, San Francisco, California, United States"
POINT (-122.42045846134022 37.77764715),"Louise M. Davies Symphony Hall, 201, Van Ness Avenue, 94102, Van Ness Avenue, San Francisco, CA, United States"
POINT (-122.415715 37.808332),"Fisherman's Wharf of San Francisco, Taylor Street, 94133, Taylor Street, San Francisco, CA, United States"
POINT (-122.415715 37.808332),"Fisherman's Wharf of San Francisco, Taylor Street, 94133, Taylor Street, San Francisco, CA, United States"
POINT (-122.41888214278437 37.78283185),"650, Polk Street, 94102, Polk Street, San Francisco, CA, United States"
POINT (-122.50299905279687 37.741605050000004),"3431, Taraval Street, 94166, Taraval Street, San Francisco, CA, United States"
POINT (-122.40823833002119 37.778581),"1049, Howard Street, 94103, Howard Street, San Francisco, CA, United States"
POINT (-122.3558473 37.7884969),"San Francisco Bay Area, 94110, California, United States"
POINT (-122.4192113 37.7839436),"Project Open Hand, 730, Polk Street, 94109, Polk Street, San Francisco, CA, United States"
POINT (-122.3558473 37.7884969),"San Francisco Bay Area, 94110, California, United States"
